{"a": -60.0, "b": 34.28327645051195, "a_s": [0.7163047802508429, 0.35928856882471644, 0.1389704766916172, 0.039933755213750186, 0.025524472989060736, 0.008828290913464211, 0.0002518338617434645], "b_s": [0.0, 0.027008387295119302, 0.10319079408479645, 0.037632534029697816, 0.0031465915078007375, 0.001282280098862644, -0.002568022330142948], "m": 6}