{"x": [-60.0, -53.907849829351534, -47.815699658703075, -41.72354948805461, -35.63139931740615, -29.53924914675768, -23.447098976109217, -17.35494880546075, -11.262798634812292, -5.170648464163818, 0.9215017064846407, 7.0136518771331, 13.105802047781566, 19.197952218430032, 25.2901023890785, 31.382252559726965], "c": [[1.7101668662642e-05, -1.672017647006778e-05, 1.9589908784358285e-05, -1.635576601745955e-05, 4.5833155285479286e-05, 0.00017265083974983458, -0.00030624143411071505, -0.0002005339332876936, 0.0001951560321550589, 0.000106712476524357, 4.2154887279464165e-05, 3.917412365539067e-06, 5.538469488314199e-05, -9.715239605670964e-05, -2.149736974722977e-05], [-0.0001635547452019026, 0.0001490030557825618, -0.00015658242202362573, 0.00020145157640722355, -9.747377179583435e-05, 0.0007401936225855373, 0.0038956381511192025, -0.0017013682641124682, -0.005366416771810758, -0.0017996572080211958, 0.00015066808818334335, 0.0009211097993831037, 0.0009927061926167681, 0.0020049418277677086, 0.00022934086912033475], [0.006244036656533603, 0.00615538557935434, 0.006109210942015436, 0.006382560568550319, 0.007016008968657249, 0.010931554817324895, 0.039173738148597786, 0.05254155981517465, 0.009483552002468356, -0.03417324681664446, -0.04421913616446205, -0.03768970432382686, -0.026030449901575117, -0.0077683280026457895, 0.005843257710477625], [0.10409556313993173, 0.13993174061433447, 0.17918088737201365, 0.2150170648464164, 0.257679180887372, 0.30716723549488056, 0.4402730375426621, 0.7542662116040956, 0.9658703071672355, 0.8686006825938567, 0.6177474402730375, 0.363481228668942, 0.1689419795221843, 0.059726962457337884, 0.06484641638225255]]}